<?xml version="1.0" encoding="UTF-8" standalone="yes"?>
<Properties xmlns="http://schemas.openxmlformats.org/officeDocument/2006/extended-properties" xmlns:vt="http://schemas.openxmlformats.org/officeDocument/2006/docPropsVTypes"><Template></Template><TotalTime>0</TotalTime><Application>LibreOffice/6.4.2.2$Windows_X86_64 LibreOffice_project/4e471d8c02c9c90f512f7f9ead8875b57fcb1ec3</Application><Pages>1</Pages><Words>4</Words><Characters>17</Characters><CharactersWithSpaces>20</CharactersWithSpaces><Paragraphs>1</Paragraphs></Properties>